{
	"__comment": "Designed by _MajorisBR_ with BDcraft Cubik PRO 0.96 Beta - http://bdcraft.net",
	"textures": {
		"particle": "blocks/concrete_gray",
		"texture": "blocks/concrete_gray"
	},
	"elements": [ 	 
		{
			"from": [ 7.5, 3.5, 3 ],
			"to": [ 8.5, 9, 7 ],
			"rotation": { "origin": [ 7.5, 9, 3 ], "axis": "x", "angle": 22.5 },
			"faces": {
				"down": { "uv": [ 7.5, 2.5, 8.5, 6.5 ], "texture": "#texture" },
				"up": { "uv": [ 7.5, 2.5, 8.5, 6.5 ], "texture": "#texture" },
				"north": { "uv": [ 7.5, 3, 8.5, 8.5 ], "texture": "#texture" },
				"south": { "uv": [ 7.5, 3, 8.5, 8.5 ], "texture": "#texture" },
				"west": { "uv": [ 6.5, 2, 10.5, 7.5 ], "texture": "#texture" },
				"east": { "uv": [ 6.5, 2, 10.5, 7.5 ], "texture": "#texture" }
			}
		},
		{
			"from": [ 7.5, 1, 28 ],
			"to": [ 8.5, 7.5, 31.5 ],
			"rotation": { "origin": [ 7.5, 7.5, 28 ], "axis": "x", "angle": 22.5 },
			"faces": {
				"down": { "uv": [ 8, 3, 9, 6.5 ], "texture": "#texture" },
				"up": { "uv": [ 8, 3, 9, 6.5 ], "texture": "#texture" },
				"north": { "uv": [ 7, 1.5, 8, 8 ], "texture": "#texture" },
				"south": { "uv": [ 7, 1.5, 8, 8 ], "texture": "#texture" },
				"west": { "uv": [ 6, 1.5, 9.5, 8 ], "texture": "#texture" },
				"east": { "uv": [ 6, 1.5, 9.5, 8 ], "texture": "#texture" }
			}
		},
		{
			"from": [ 4.5, 0, -11 ],
			"to": [ 11.5, 4.5, 5.5 ],
			"faces": {
				"down": { "uv": [ 5, 3.5, 12.5, 7.5 ], "texture": "#texture" },
				"up": { "uv": [ 5, 3.5, 12.5, 7.5 ], "texture": "#texture" },
				"north": { "uv": [ 7, 3, 14, 7 ], "texture": "#texture" },
				"south": { "uv": [ 7, 3, 14, 7 ], "texture": "#texture" },
				"west": { "uv": [ 6.5, 2, 12.5, 7.5 ], "texture": "#texture" },
				"east": { "uv": [ 6.5, 2, 12.5, 7.5 ], "texture": "#texture" }
			}
		},
		{
			"__comment": "Box5",
			"from": [ 4.5, 2.5, -15.5 ],
			"to": [ 11.5, 4.5, -6 ],
			"faces": {
				"down": { "uv": [ 4.5, 6, 11.5, 15.5 ], "texture": "#texture" },
				"up": { "uv": [ 4.5, 0.5, 11.5, 10 ], "texture": "#texture" },
				"north": { "uv": [ 4.5, 11.5, 11.5, 13.5 ], "texture": "#texture" },
				"south": { "uv": [ 4.5, 11.5, 11.5, 13.5 ], "texture": "#texture" },
				"west": { "uv": [ 0.5, 11.5, 10, 13.5 ], "texture": "#texture" },
				"east": { "uv": [ 6, 11.5, 15.5, 13.5 ], "texture": "#texture" }
			}
		},
		{
			"__comment": "Box6",
			"from": [ 4.5, 2, -15.5 ],
			"to": [ 11.5, 4.5, -10.5 ],
			"rotation": { "origin": [ 4.5, 2, -15.5 ], "axis": "x", "angle": 22.5 },
			"faces": {
				"down": { "uv": [ 0, 2, 2, 6.5 ], "texture": "#texture" },
				"up": { "uv": [ 0, 9.5, 2, 14 ], "texture": "#texture" },
				"north": { "uv": [ 14, 14.5, 16, 16 ], "texture": "#texture" },
				"south": { "uv": [ 0, 14.5, 2, 16 ], "texture": "#texture" },
				"west": { "uv": [ 9.5, 14.5, 14, 16 ], "texture": "#texture" },
				"east": { "uv": [ 2, 14.5, 6.5, 16 ], "texture": "#texture" }
			}
		},
		{
			"__comment": "Box7",
			"from": [ 7, 0, 5 ],
			"to": [ 9, 1.5, 30 ],
			"faces": {
				"down": { "uv": [ 7, 0, 9, 11 ], "texture": "#texture" },
				"up": { "uv": [ 7, 5, 9, 16 ], "texture": "#texture" },
				"north": { "uv": [ 7, 14.5, 9, 16 ], "texture": "#texture" },
				"south": { "uv": [ 7, 14.5, 9, 16 ], "texture": "#texture" },
				"west": { "uv": [ 5, 14.5, 16, 16 ], "texture": "#texture" },
				"east": { "uv": [ 0, 14.5, 11, 16 ], "texture": "#texture" }
			}
		}
	],
	"display": {
		"thirdperson_righthand": {
			"rotation":  [ 75, 45, 0 ],
			"translation":  [ 0, 2.5, 0 ],
			"scale":  [ 0.375, 0.375, 0.375 ]
		},
		"thirdperson_lefthand": {
			"rotation":  [ 75, 45, 0 ],
			"translation":  [ 0, 2.5, 0 ],
			"scale":  [ 0.375, 0.375, 0.375 ]
		},
		"firstperson_righthand": {
			"rotation":  [ 0, 45, 0 ],
			"scale":  [ 0.4, 0.4, 0.4 ]
		},
		"firstperson_lefthand": {
			"rotation":  [ 0, 45, 0 ],
			"scale":  [ 0.4, 0.4, 0.4 ]
		},
		"gui": {
			"rotation":  [ 30, 225, 0 ],
			"scale":  [ 0.425, 0.425, 0.425 ]
		},
		"head": {
			"translation":  [ 0, 0, -10.39 ],
			"scale":  [ 3, 3, 3 ]
		},
		"ground": {
			"translation":  [ 0, 3, 0 ],
			"scale":  [ 0.25, 0.25, 0.25 ]
		},
		"fixed": {
			"translation":  [ 0, 3.02, -11.72 ]
		}
	}
}