{
	"__comment": "Designed by _MajorisBR_ with BDcraft Cubik PRO 0.96 Beta - http://bdcraft.net",
	"textures": {
		"atlas": "items/atlas"
	},
	"elements": [ 	 
		{
			"from": [ 0, 2, -3 ],
			"to": [ 16, 16, 12.5 ],
			"faces": {
				"down": { "uv": [ 6.375, 14.125, 8.375, 16 ], "texture": "#atlas" },
				"up": { "uv": [ 3.875, 8.5, 5.875, 10.375 ], "texture": "#atlas" },
				"north": { "uv": [ 6.375, 12.375, 8.375, 14.125 ], "texture": "#atlas" },
				"west": { "uv": [ 8.25, 12.375, 6.375, 10.625 ], "texture": "#atlas", "rotation": 180 },
				"east": { "uv": [ 1.875, 10.25, 0, 8.5 ], "texture": "#atlas", "rotation": 180 }
			}
		},
		{
			"from": [ 1.5, 5.5, -10.5 ],
			"to": [ 14.5, 16, -3 ],
			"faces": {
				"down": { "uv": [ 6.375, 8.5, 8, 9.375 ], "texture": "#atlas" },
				"up": { "uv": [ 1.875, 8.25, 3.5, 9.125 ], "texture": "#atlas" },
				"north": { "uv": [ 6.375, 9.375, 8, 10.625 ], "texture": "#atlas" },
				"west": { "uv": [ 9.25, 16, 8.375, 14.75 ], "texture": "#atlas", "rotation": 180 },
				"east": { "uv": [ 10.125, 16, 9.25, 14.75 ], "texture": "#atlas", "rotation": 180 }
			}
		},
		{
			"from": [ 3, 8.5, -15 ],
			"to": [ 13, 16, -10.5 ],
			"faces": {
				"down": { "uv": [ 0, 8, 1.25, 8.5 ], "texture": "#atlas" },
				"up": { "uv": [ 3.875, 8, 5.125, 8.5 ], "texture": "#atlas" },
				"north": { "uv": [ 10.125, 15.125, 11.375, 16 ], "texture": "#atlas" },
				"west": { "uv": [ 6.375, 12.25, 5.875, 11.375 ], "texture": "#atlas", "rotation": 180 },
				"east": { "uv": [ 6.375, 11.375, 5.875, 10.5 ], "texture": "#atlas", "rotation": 180 }
			}
		},
		{
			"from": [ 0, 1, 12 ],
			"to": [ 16, 16, 32 ],
			"faces": {
				"down": { "uv": [ 1.875, 11, 3.875, 13.5 ], "texture": "#atlas" },
				"up": { "uv": [ 1.875, 13.5, 3.875, 16 ], "texture": "#atlas" },
				"north": { "uv": [ 3.875, 10.375, 5.875, 12.25 ], "texture": "#atlas" },
				"south": { "uv": [ 1.875, 9.125, 3.875, 11 ], "texture": "#atlas" },
				"west": { "uv": [ 6.375, 14.125, 3.875, 12.25 ], "texture": "#atlas", "rotation": 180 },
				"east": { "uv": [ 6.375, 16, 3.875, 14.125 ], "texture": "#atlas", "rotation": 180 }
			}
		},
		{
			"from": [ -0.5, 12, -0.5 ],
			"to": [ 0.5, 13, 0.5 ],
			"faces": {
				"down": { "uv": [ 2.125, 8, 2.25, 8.125 ], "texture": "#atlas" },
				"up": { "uv": [ 2.25, 8.125, 2.375, 8.25 ], "texture": "#atlas" },
				"north": { "uv": [ 6, 9.375, 6.125, 9.5 ], "texture": "#atlas" },
				"south": { "uv": [ 5.875, 9.375, 6, 9.5 ], "texture": "#atlas" },
				"west": { "uv": [ 6.375, 9.625, 6.25, 9.5 ], "texture": "#atlas", "rotation": 180 },
				"east": { "uv": [ 6.25, 9.625, 6.125, 9.5 ], "texture": "#atlas", "rotation": 180 }
			}
		},
		{
			"from": [ 15.5, 12, -0.5 ],
			"to": [ 16.5, 13, 0.5 ],
			"faces": {
				"down": { "uv": [ 6, 9.5, 6.125, 9.625 ], "texture": "#atlas" },
				"up": { "uv": [ 5.875, 9.5, 6, 9.625 ], "texture": "#atlas" },
				"north": { "uv": [ 6.25, 9.625, 6.375, 9.75 ], "texture": "#atlas" },
				"south": { "uv": [ 6.125, 9.625, 6.25, 9.75 ], "texture": "#atlas" },
				"west": { "uv": [ 6.125, 9.75, 6, 9.625 ], "texture": "#atlas", "rotation": 180 },
				"east": { "uv": [ 6, 9.75, 5.875, 9.625 ], "texture": "#atlas", "rotation": 180 }
			}
		},
		{
			"from": [ 0.5, 1, -0.5 ],
			"to": [ 1.5, 2, 0.5 ],
			"faces": {
				"down": { "uv": [ 6.25, 9.75, 6.375, 9.875 ], "texture": "#atlas" },
				"north": { "uv": [ 6.125, 9.75, 6.25, 9.875 ], "texture": "#atlas" },
				"south": { "uv": [ 6.25, 9.875, 6.375, 10 ], "texture": "#atlas" },
				"west": { "uv": [ 6.25, 10, 6.125, 9.875 ], "texture": "#atlas", "rotation": 180 },
				"east": { "uv": [ 6.125, 9.875, 6, 9.75 ], "texture": "#atlas", "rotation": 180 }
			}
		},
		{
			"from": [ 0.5, 1, 2 ],
			"to": [ 1.5, 2, 3 ],
			"faces": {
				"down": { "uv": [ 6, 9.875, 6.125, 10 ], "texture": "#atlas" },
				"north": { "uv": [ 6.25, 10, 6.375, 10.125 ], "texture": "#atlas" },
				"south": { "uv": [ 6.125, 10, 6.25, 10.125 ], "texture": "#atlas" },
				"west": { "uv": [ 6.125, 10.125, 6, 10 ], "texture": "#atlas", "rotation": 180 },
				"east": { "uv": [ 6.375, 10.25, 6.25, 10.125 ], "texture": "#atlas", "rotation": 180 }
			}
		},
		{
			"from": [ 0.5, 1, 4 ],
			"to": [ 1.5, 2, 5 ],
			"faces": {
				"down": { "uv": [ 6.125, 10.125, 6.25, 10.25 ], "texture": "#atlas" },
				"north": { "uv": [ 6, 10.125, 6.125, 10.25 ], "texture": "#atlas" },
				"south": { "uv": [ 6.25, 10.25, 6.375, 10.375 ], "texture": "#atlas" },
				"west": { "uv": [ 6.25, 10.375, 6.125, 10.25 ], "texture": "#atlas", "rotation": 180 },
				"east": { "uv": [ 6.125, 10.375, 6, 10.25 ], "texture": "#atlas", "rotation": 180 }
			}
		},
		{
			"from": [ 0.5, 1, 6 ],
			"to": [ 1.5, 2, 7 ],
			"faces": {
				"down": { "uv": [ 6.25, 10.375, 6.375, 10.5 ], "texture": "#atlas" },
				"north": { "uv": [ 6.125, 10.375, 6.25, 10.5 ], "texture": "#atlas" },
				"south": { "uv": [ 6, 10.375, 6.125, 10.5 ], "texture": "#atlas" },
				"west": { "uv": [ 6, 10.5, 5.875, 10.375 ], "texture": "#atlas", "rotation": 180 },
				"east": { "uv": [ 3.875, 8.125, 3.75, 8 ], "texture": "#atlas", "rotation": 180 }
			}
		},
		{
			"from": [ 0.5, 1, 8 ],
			"to": [ 1.5, 2, 9 ],
			"faces": {
				"down": { "uv": [ 5.125, 8.375, 5.25, 8.5 ], "texture": "#atlas" },
				"north": { "uv": [ 6.25, 8.5, 6.375, 8.625 ], "texture": "#atlas" },
				"south": { "uv": [ 6.125, 8.5, 6.25, 8.625 ], "texture": "#atlas" },
				"west": { "uv": [ 6.375, 8.75, 6.25, 8.625 ], "texture": "#atlas", "rotation": 180 },
				"east": { "uv": [ 6.25, 8.75, 6.125, 8.625 ], "texture": "#atlas", "rotation": 180 }
			}
		},
		{
			"from": [ 0.5, 1, 9.5 ],
			"to": [ 1.5, 2, 10.5 ],
			"faces": {
				"down": { "uv": [ 6, 8.5, 6.125, 8.625 ], "texture": "#atlas" },
				"north": { "uv": [ 6, 8.625, 6.125, 8.75 ], "texture": "#atlas" },
				"south": { "uv": [ 6.25, 8.75, 6.375, 8.875 ], "texture": "#atlas" },
				"west": { "uv": [ 6.25, 8.875, 6.125, 8.75 ], "texture": "#atlas", "rotation": 180 },
				"east": { "uv": [ 6.125, 8.875, 6, 8.75 ], "texture": "#atlas", "rotation": 180 }
			}
		},
		{
			"from": [ 2, 1.5, -2 ],
			"to": [ 3, 2.5, -1 ],
			"faces": {
				"down": { "uv": [ 5.875, 8.5, 6, 8.625 ], "texture": "#atlas" },
				"up": { "uv": [ 5.875, 8.625, 6, 8.75 ], "texture": "#atlas" },
				"north": { "uv": [ 5.875, 8.75, 6, 8.875 ], "texture": "#atlas" },
				"south": { "uv": [ 6.25, 8.875, 6.375, 9 ], "texture": "#atlas" },
				"west": { "uv": [ 6.25, 9, 6.125, 8.875 ], "texture": "#atlas", "rotation": 180 },
				"east": { "uv": [ 6.125, 9, 6, 8.875 ], "texture": "#atlas", "rotation": 180 }
			}
		},
		{
			"from": [ 4, 1.5, -2 ],
			"to": [ 5, 2.5, -1 ],
			"faces": {
				"down": { "uv": [ 5.875, 8.875, 6, 9 ], "texture": "#atlas" },
				"up": { "uv": [ 6.25, 9, 6.375, 9.125 ], "texture": "#atlas" },
				"north": { "uv": [ 6.125, 9, 6.25, 9.125 ], "texture": "#atlas" },
				"south": { "uv": [ 6, 9, 6.125, 9.125 ], "texture": "#atlas" },
				"west": { "uv": [ 6, 9.125, 5.875, 9 ], "texture": "#atlas", "rotation": 180 },
				"east": { "uv": [ 6.375, 9.25, 6.25, 9.125 ], "texture": "#atlas", "rotation": 180 }
			}
		},
		{
			"from": [ 6, 1.5, -2 ],
			"to": [ 7, 2.5, -1 ],
			"faces": {
				"down": { "uv": [ 6.125, 9.125, 6.25, 9.25 ], "texture": "#atlas" },
				"up": { "uv": [ 6, 9.125, 6.125, 9.25 ], "texture": "#atlas" },
				"north": { "uv": [ 5.875, 9.125, 6, 9.25 ], "texture": "#atlas" },
				"south": { "uv": [ 6.25, 9.25, 6.375, 9.375 ], "texture": "#atlas" },
				"west": { "uv": [ 6.25, 9.375, 6.125, 9.25 ], "texture": "#atlas", "rotation": 180 },
				"east": { "uv": [ 6.125, 9.375, 6, 9.25 ], "texture": "#atlas", "rotation": 180 }
			}
		},
		{
			"from": [ 8, 1.5, -2 ],
			"to": [ 9, 2.5, -1 ],
			"faces": {
				"down": { "uv": [ 5.875, 9.25, 6, 9.375 ], "texture": "#atlas" },
				"up": { "uv": [ 6.25, 9.375, 6.375, 9.5 ], "texture": "#atlas" },
				"north": { "uv": [ 6.125, 9.375, 6.25, 9.5 ], "texture": "#atlas" },
				"south": { "uv": [ 2.125, 8.125, 2.25, 8.25 ], "texture": "#atlas" },
				"west": { "uv": [ 2.125, 8.125, 2, 8 ], "texture": "#atlas", "rotation": 180 },
				"east": { "uv": [ 2.125, 8.25, 2, 8.125 ], "texture": "#atlas", "rotation": 180 }
			}
		},
		{
			"from": [ 10, 1.5, -2 ],
			"to": [ 11, 2.5, -1 ],
			"faces": {
				"down": { "uv": [ 1.875, 8, 2, 8.125 ], "texture": "#atlas" },
				"north": { "uv": [ 1.875, 8.125, 2, 8.25 ], "texture": "#atlas" },
				"south": { "uv": [ 1.75, 8, 1.875, 8.125 ], "texture": "#atlas" },
				"west": { "uv": [ 1.75, 8.125, 1.625, 8 ], "texture": "#atlas", "rotation": 180 },
				"east": { "uv": [ 1.875, 8.25, 1.75, 8.125 ], "texture": "#atlas", "rotation": 180 }
			}
		},
		{
			"from": [ 12, 1.5, -2 ],
			"to": [ 13, 2.5, -1 ],
			"faces": {
				"down": { "uv": [ 1.625, 8.125, 1.75, 8.25 ], "texture": "#atlas" },
				"north": { "uv": [ 1.5, 8, 1.625, 8.125 ], "texture": "#atlas" },
				"south": { "uv": [ 1.5, 8.125, 1.625, 8.25 ], "texture": "#atlas" },
				"west": { "uv": [ 1.875, 8.375, 1.75, 8.25 ], "texture": "#atlas", "rotation": 180 },
				"east": { "uv": [ 1.75, 8.375, 1.625, 8.25 ], "texture": "#atlas", "rotation": 180 }
			}
		},
		{
			"from": [ 14, 1.5, -2 ],
			"to": [ 15, 2.5, -1 ],
			"faces": {
				"down": { "uv": [ 1.25, 8.375, 1.375, 8.5 ], "texture": "#atlas" },
				"up": { "uv": [ 1.25, 8.25, 1.375, 8.375 ], "texture": "#atlas" },
				"north": { "uv": [ 1.25, 8.125, 1.375, 8.25 ], "texture": "#atlas" },
				"south": { "uv": [ 1.25, 8, 1.375, 8.125 ], "texture": "#atlas" },
				"west": { "uv": [ 1.5, 8.5, 1.375, 8.375 ], "texture": "#atlas", "rotation": 180 },
				"east": { "uv": [ 1.625, 8.5, 1.5, 8.375 ], "texture": "#atlas", "rotation": 180 }
			}
		},
		{
			"from": [ 14.5, 1, 0 ],
			"to": [ 15.5, 2, 1 ],
			"faces": {
				"down": { "uv": [ 1.625, 8.375, 1.75, 8.5 ], "texture": "#atlas" },
				"north": { "uv": [ 1.75, 8.375, 1.875, 8.5 ], "texture": "#atlas" },
				"south": { "uv": [ 1.375, 8.25, 1.5, 8.375 ], "texture": "#atlas" },
				"west": { "uv": [ 1.5, 8.25, 1.375, 8.125 ], "texture": "#atlas", "rotation": 180 },
				"east": { "uv": [ 1.5, 8.125, 1.375, 8 ], "texture": "#atlas", "rotation": 180 }
			}
		},
		{
			"from": [ 14.5, 1, 2 ],
			"to": [ 15.5, 2, 3 ],
			"faces": {
				"down": { "uv": [ 1.5, 8.25, 1.625, 8.375 ], "texture": "#atlas" },
				"north": { "uv": [ 3.625, 8, 3.75, 8.125 ], "texture": "#atlas" },
				"south": { "uv": [ 3.75, 8.125, 3.875, 8.25 ], "texture": "#atlas" },
				"west": { "uv": [ 3.875, 8.375, 3.75, 8.25 ], "texture": "#atlas", "rotation": 180 },
				"east": { "uv": [ 3.875, 8.5, 3.75, 8.375 ], "texture": "#atlas", "rotation": 180 }
			}
		},
		{
			"from": [ 14.5, 1, 4 ],
			"to": [ 15.5, 2, 5 ],
			"faces": {
				"down": { "uv": [ 3.5, 8, 3.625, 8.125 ], "texture": "#atlas" },
				"north": { "uv": [ 3.375, 8, 3.5, 8.125 ], "texture": "#atlas" },
				"south": { "uv": [ 3.25, 8, 3.375, 8.125 ], "texture": "#atlas" },
				"west": { "uv": [ 3.5, 8.25, 3.375, 8.125 ], "texture": "#atlas", "rotation": 180 },
				"east": { "uv": [ 3.375, 8.25, 3.25, 8.125 ], "texture": "#atlas", "rotation": 180 }
			}
		},
		{
			"from": [ 14.5, 1, 6 ],
			"to": [ 15.5, 2, 7 ],
			"faces": {
				"down": { "uv": [ 3.125, 8, 3.25, 8.125 ], "texture": "#atlas" },
				"north": { "uv": [ 3.125, 8.125, 3.25, 8.25 ], "texture": "#atlas" },
				"south": { "uv": [ 3, 8, 3.125, 8.125 ], "texture": "#atlas" },
				"west": { "uv": [ 3.125, 8.25, 3, 8.125 ], "texture": "#atlas", "rotation": 180 },
				"east": { "uv": [ 3, 8.125, 2.875, 8 ], "texture": "#atlas", "rotation": 180 }
			}
		},
		{
			"from": [ 14.5, 1, 8 ],
			"to": [ 15.5, 2, 9 ],
			"faces": {
				"down": { "uv": [ 2.875, 8.125, 3, 8.25 ], "texture": "#atlas" },
				"north": { "uv": [ 2.75, 8, 2.875, 8.125 ], "texture": "#atlas" },
				"south": { "uv": [ 2.75, 8.125, 2.875, 8.25 ], "texture": "#atlas" },
				"west": { "uv": [ 2.75, 8.125, 2.625, 8 ], "texture": "#atlas", "rotation": 180 },
				"east": { "uv": [ 2.75, 8.25, 2.625, 8.125 ], "texture": "#atlas", "rotation": 180 }
			}
		},
		{
			"from": [ 14.5, 1, 9.5 ],
			"to": [ 15.5, 2, 10.5 ],
			"faces": {
				"down": { "uv": [ 2.5, 8, 2.625, 8.125 ], "texture": "#atlas" },
				"north": { "uv": [ 2.5, 8.125, 2.625, 8.25 ], "texture": "#atlas" },
				"south": { "uv": [ 2.375, 8, 2.5, 8.125 ], "texture": "#atlas" },
				"west": { "uv": [ 2.5, 8.25, 2.375, 8.125 ], "texture": "#atlas", "rotation": 180 },
				"east": { "uv": [ 2.375, 8.125, 2.25, 8 ], "texture": "#atlas", "rotation": 180 }
			}
		},
		{
			"from": [ 0, -6.5, -1 ],
			"to": [ 15.8125, -4.5, 22 ],
			"rotation": { "origin": [ 1.382828E-05, -4.499998, -0.9999962 ], "axis": "x", "angle": -22.5 },
			"faces": {
				"down": { "uv": [ 0, 13.125, 1.875, 16 ], "texture": "#atlas" },
				"up": { "uv": [ 0, 10.25, 1.875, 13.125 ], "texture": "#atlas" },
				"north": { "uv": [ 6.375, 8, 8.25, 8.25 ], "texture": "#atlas" },
				"south": { "uv": [ 6.375, 8.25, 8.25, 8.5 ], "texture": "#atlas" },
				"west": { "uv": [ 14.25, 15.75, 11.375, 15.5 ], "texture": "#atlas", "rotation": 180 },
				"east": { "uv": [ 14.25, 16, 11.375, 15.75 ], "texture": "#atlas", "rotation": 180 }
			}
		},
		{
			"__comment": "Box28",
			"from": [ 7.5, 16, 23.5 ],
			"to": [ 8.5, 24, 29 ],
			"rotation": { "origin": [ 7.499991, 15.99999, 23.49999 ], "axis": "x", "angle": 22.5 },
			"faces": {
				"down": { "uv": [ 5.875, 9.75, 6, 10.375 ], "texture": "#atlas" },
				"up": { "uv": [ 3.75, 8.5, 3.875, 9.125 ], "texture": "#atlas" },
				"north": { "uv": [ 3.625, 8.125, 3.75, 9.125 ], "texture": "#atlas" },
				"south": { "uv": [ 3.5, 8.125, 3.625, 9.125 ], "texture": "#atlas" },
				"west": { "uv": [ 15.5, 16, 14.875, 15 ], "texture": "#atlas", "rotation": 180 },
				"east": { "uv": [ 14.875, 16, 14.25, 15 ], "texture": "#atlas", "rotation": 180 }
			}
		}
	],
	"display": {
		"thirdperson_righthand": {
			"rotation":  [ 75, 45, 0 ],
			"translation":  [ 0, 2.5, 0 ],
			"scale":  [ 0.375, 0.375, 0.375 ]
		},
		"thirdperson_lefthand": {
			"rotation":  [ 75, 45, 0 ],
			"translation":  [ 0, 2.5, 0 ],
			"scale":  [ 0.375, 0.375, 0.375 ]
		},
		"firstperson_righthand": {
			"rotation":  [ 0, 45, 0 ],
			"scale":  [ 0.4, 0.4, 0.4 ]
		},
		"firstperson_lefthand": {
			"rotation":  [ 0, 45, 0 ],
			"scale":  [ 0.4, 0.4, 0.4 ]
		},
		"gui": {
			"rotation":  [ 30, 225, 0 ],
			"scale":  [ 0.425, 0.425, 0.425 ]
		},
		"head": {
			"translation":  [ 0, 0, -24 ],
			"scale":  [ 2, 2, 2 ]
		},
		"ground": {
			"translation":  [ 0, 3, 0 ],
			"scale":  [ 0.25, 0.25, 0.25 ]
		},
		"fixed": {
			"translation":  [ 0, 3.02, -11.72 ]
		}
	}
}