{
	"__comment": "Designed by HoldenB_ with BDcraft Cubik Studio - http://bdcraft.net",
	"textures": {
		"atlas": "blocks/atlas"
	},
	"elements": [ 	 
		{
			"__comment": "Box16",
			"from": [ -3, 0.5, -5.5 ],
			"to": [ 19, 22, 21.5 ],
			"faces": {
				"down": { "uv": [ 0, 5.625, 2.75, 9 ], "texture": "#atlas" },
				"up": { "uv": [ 0, 2.25, 2.75, 5.625 ], "texture": "#atlas" },
				"north": { "uv": [ 12.625, 13.375, 15.375, 16 ], "texture": "#atlas" },
				"south": { "uv": [ 9.875, 13.375, 12.625, 16 ], "texture": "#atlas" },
				"west": { "uv": [ 3.125, 13.375, 6.5, 16 ], "texture": "#atlas" },
				"east": { "uv": [ 6.5, 13.375, 9.875, 16 ], "texture": "#atlas" }
			}
		},
		{
			"__comment": "Box17",
			"from": [ -4.5, -2.5, -6 ],
			"to": [ 20.5, 10.5, 22 ],
			"faces": {
				"down": { "uv": [ 0, 12.5, 3.125, 16 ], "texture": "#atlas" },
				"up": { "uv": [ 0, 9, 3.125, 12.5 ], "texture": "#atlas" },
				"north": { "uv": [ 0, 0.625, 3.125, 2.25 ], "texture": "#atlas" },
				"south": { "uv": [ 3.125, 3, 6.25, 4.625 ], "texture": "#atlas" },
				"west": { "uv": [ 3.125, 8.75, 6.625, 10.375 ], "texture": "#atlas" },
				"east": { "uv": [ 3.125, 7.125, 6.625, 8.75 ], "texture": "#atlas" }
			}
		},
		{
			"__comment": "Box3",
			"from": [ -2, 21.5, -4 ],
			"to": [ 18, 24.5, 20 ],
			"faces": {
				"down": { "uv": [ 5.625, 10.375, 8.125, 13.375 ], "texture": "#atlas" },
				"up": { "uv": [ 3.125, 10.375, 5.625, 13.375 ], "texture": "#atlas" },
				"north": { "uv": [ 10.625, 10.5, 13.125, 10.875 ], "texture": "#atlas" },
				"south": { "uv": [ 8.125, 10.5, 10.625, 10.875 ], "texture": "#atlas" },
				"west": { "uv": [ 6.625, 10, 9.625, 10.375 ], "texture": "#atlas" },
				"east": { "uv": [ 0, 0.25, 3, 0.625 ], "texture": "#atlas" }
			}
		},
		{
			"__comment": "Box4",
			"from": [ -1, 24, -2 ],
			"to": [ 17, 26.5, 18 ],
			"faces": {
				"down": { "uv": [ 13.125, 10.875, 15.375, 13.375 ], "texture": "#atlas" },
				"up": { "uv": [ 3.125, 4.625, 5.375, 7.125 ], "texture": "#atlas" },
				"north": { "uv": [ 13.125, 10.625, 15.375, 10.875 ], "texture": "#atlas" },
				"south": { "uv": [ 13.125, 10.375, 15.375, 10.625 ], "texture": "#atlas" },
				"west": { "uv": [ 0, 0, 2.5, 0.25 ], "texture": "#atlas" },
				"east": { "uv": [ 9.625, 10.125, 12.125, 10.375 ], "texture": "#atlas" }
			}
		},
		{
			"__comment": "Box5",
			"from": [ 2.5, 8, 19.5 ],
			"to": [ 13.5, 15.5, 26 ],
			"faces": {
				"down": { "uv": [ 4.625, 1.5, 6.125, 2.25 ], "texture": "#atlas", "rotation": 270 },
				"up": { "uv": [ 4.625, 2.25, 6.125, 3 ], "texture": "#atlas", "rotation": 90 },
				"north": { "uv": [ 3.125, 1.75, 4.625, 3 ], "texture": "#atlas" },
				"south": { "uv": [ 3.125, 0.5, 4.625, 1.75 ], "texture": "#atlas" },
				"west": { "uv": [ 5.375, 5.875, 6.125, 7.125 ], "texture": "#atlas" },
				"east": { "uv": [ 5.375, 4.625, 6.125, 5.875 ], "texture": "#atlas" }
			}
		},
		{
			"__comment": "Box6",
			"from": [ 4, 3, 20 ],
			"to": [ 12, 4.5, 26 ],
			"faces": {
				"down": { "uv": [ 6.625, 9.25, 7.625, 10 ], "texture": "#atlas" },
				"up": { "uv": [ 7.625, 9.25, 8.625, 10 ], "texture": "#atlas" },
				"north": { "uv": [ 3.125, 0.125, 4.125, 0.25 ], "texture": "#atlas" },
				"south": { "uv": [ 3.125, 0, 4.125, 0.125 ], "texture": "#atlas" },
				"west": { "uv": [ 5.75, 1.375, 6.5, 1.5 ], "texture": "#atlas" },
				"east": { "uv": [ 5.75, 1.25, 6.5, 1.375 ], "texture": "#atlas" }
			}
		},
		{
			"__comment": "Box7",
			"from": [ 3.5, 8.5, 25.5 ],
			"to": [ 12.5, 14.5, 27 ],
			"faces": {
				"down": { "uv": [ 3.125, 0.375, 4.25, 0.5 ], "texture": "#atlas" },
				"up": { "uv": [ 3.125, 0.25, 4.25, 0.375 ], "texture": "#atlas" },
				"north": { "uv": [ 4.625, 0.75, 5.75, 1.5 ], "texture": "#atlas" },
				"south": { "uv": [ 4.625, 0, 5.75, 0.75 ], "texture": "#atlas" },
				"west": { "uv": [ 3, 7.5, 3.125, 8.25 ], "texture": "#atlas" },
				"east": { "uv": [ 3, 8.25, 3.125, 9 ], "texture": "#atlas" }
			}
		},
		{
			"__comment": "Box8",
			"from": [ -2, 0, 21.5 ],
			"to": [ 18, 20, 22.5 ],
			"faces": {
				"down": { "uv": [ 8.125, 10.375, 10.625, 10.5 ], "texture": "#atlas" },
				"up": { "uv": [ 10.625, 10.375, 13.125, 10.5 ], "texture": "#atlas" },
				"north": { "uv": [ 10.625, 10.875, 13.125, 13.375 ], "texture": "#atlas" },
				"south": { "uv": [ 8.125, 10.875, 10.625, 13.375 ], "texture": "#atlas" },
				"west": { "uv": [ 2.875, 6.5, 3, 9 ], "texture": "#atlas" },
				"east": { "uv": [ 2.75, 6.5, 2.875, 9 ], "texture": "#atlas" }
			}
		},
		{
			"__comment": "Box9",
			"from": [ 5, 4.5, 25 ],
			"to": [ 6, 5.5, 26 ],
			"faces": {
				"down": { "uv": [ 2.75, 5.625, 2.875, 5.75 ], "texture": "#atlas" },
				"up": { "uv": [ 2.875, 5.625, 3, 5.75 ], "texture": "#atlas" },
				"north": { "uv": [ 3, 5.75, 3.125, 6 ], "texture": "#atlas" },
				"south": { "uv": [ 2.75, 5.375, 2.875, 5.625 ], "texture": "#atlas" },
				"west": { "uv": [ 2.875, 5.375, 3, 5.625 ], "texture": "#atlas" },
				"east": { "uv": [ 3, 5.375, 3.125, 5.625 ], "texture": "#atlas" }
			}
		},
		{
			"__comment": "Box10",
			"from": [ -2, 0, -2 ],
			"to": [ -1, 1, -1 ],
			"faces": {
				"down": { "uv": [ 2.875, 5.25, 3, 5.375 ], "texture": "#atlas" },
				"up": { "uv": [ 3, 5.25, 3.125, 5.375 ], "texture": "#atlas" },
				"north": { "uv": [ 3, 5.125, 3.125, 5.25 ], "texture": "#atlas" },
				"south": { "uv": [ 2.75, 5, 2.875, 5.125 ], "texture": "#atlas" },
				"west": { "uv": [ 2.875, 5, 3, 5.125 ], "texture": "#atlas" },
				"east": { "uv": [ 3, 5, 3.125, 5.125 ], "texture": "#atlas" }
			}
		},
		{
			"__comment": "Box11",
			"from": [ 10, 4.5, 25 ],
			"to": [ 11, 5.5, 26 ],
			"faces": {
				"down": { "uv": [ 2.875, 4.875, 3, 5 ], "texture": "#atlas" },
				"up": { "uv": [ 2.75, 4.875, 2.875, 5 ], "texture": "#atlas" },
				"north": { "uv": [ 3, 7.25, 3.125, 7.5 ], "texture": "#atlas" },
				"south": { "uv": [ 3, 7, 3.125, 7.25 ], "texture": "#atlas" },
				"west": { "uv": [ 3, 6.75, 3.125, 7 ], "texture": "#atlas" },
				"east": { "uv": [ 3, 6.5, 3.125, 6.75 ], "texture": "#atlas" }
			}
		},
		{
			"__comment": "Box12",
			"from": [ 4.5, 6, 25 ],
			"to": [ 5.5, 8, 26 ],
			"faces": {
				"down": { "uv": [ 2.875, 5.125, 3, 5.25 ], "texture": "#atlas" },
				"up": { "uv": [ 2.75, 5.125, 2.875, 5.25 ], "texture": "#atlas" },
				"north": { "uv": [ 2.75, 6.25, 2.875, 6.5 ], "texture": "#atlas" },
				"south": { "uv": [ 2.875, 6.25, 3, 6.5 ], "texture": "#atlas" },
				"west": { "uv": [ 3, 6.25, 3.125, 6.5 ], "texture": "#atlas" },
				"east": { "uv": [ 2.75, 6, 2.875, 6.25 ], "texture": "#atlas" }
			}
		},
		{
			"__comment": "Box13",
			"from": [ 10.5, 6, 25 ],
			"to": [ 11.5, 8, 26 ],
			"faces": {
				"down": { "uv": [ 2.75, 5.25, 2.875, 5.375 ], "texture": "#atlas" },
				"up": { "uv": [ 3, 5.625, 3.125, 5.75 ], "texture": "#atlas" },
				"north": { "uv": [ 2.875, 6, 3, 6.25 ], "texture": "#atlas" },
				"south": { "uv": [ 3, 6, 3.125, 6.25 ], "texture": "#atlas" },
				"west": { "uv": [ 2.75, 5.75, 2.875, 6 ], "texture": "#atlas" },
				"east": { "uv": [ 2.875, 5.75, 3, 6 ], "texture": "#atlas" }
			}
		}
	],
	"display": {
		"thirdperson_righthand": {
			"rotation":  [ -180, 163, 0 ],
			"translation":  [ 0, 0.1, -3.1 ],
			"scale":  [ 0.2, 0.2, 0.2 ]
		},
		"thirdperson_lefthand": {
			"scale":  [ 0.0001, 0.0001, 0.0001 ]
		},
		"firstperson_righthand": {
			"rotation":  [ 0, -13, 0 ],
			"translation":  [ 0, 4, 0 ]
		},
		"firstperson_lefthand": {
			"rotation":  [ 0, -13, 0 ],
			"translation":  [ 0, 4, 0 ]
		},
		"gui": {
			"rotation":  [ 30, -146, 0 ],
			"translation":  [ 0, 0.38, 0 ],
			"scale":  [ 0.32, 0.32, 0.32 ]
		},
		"head": {
			"translation":  [ 0, 0, 24 ],
			"scale":  [ 4, 4, 4 ]
		},
		"fixed": {
			"rotation":  [ 0, 90, 0 ],
			"translation":  [ 0, -1.3, -4.8 ]
		}
	}
}